service_id,proxy_latency,kong_latency,request_latency
22f8e3a6-01f7-3264-b4b5-9d178df11d06,1401.4732222998,12.572354642465,1750.1235663708
a5bf08bd-c030-30d5-8009-83a8c30103bf,1394.6939337775,12.426038170616,1750.2643390272
c3e86413-648a-3552-90c3-b13491ee07d6,1400.4763576192,12.502782931354,1747.7643784787
d035ffcf-914a-3007-b028-ae18f04d75b4,1403.1892495533,12.505955926147,1742.269009331
eb1ce287-5797-3e45-b9a6-e6d51691257e,1401.510255379,12.502413030364,1750.3412929821